Category;Drone;Model
CAMERA;Air 3S;BWX234-4276-14.6
CAMERA;Avata 360;BWXVN1-2700-14.32
CAMERA;Flip;BWX141-3110-7.16
ENTERPRISE;Matrice 4;BPX345-6741-14.76
ENTERPRISE;Matrice 4D;BPX230-6768-22.14
ENTERPRISE;Matrice 4TD;BPX230-6768-22.14
AGRAS;Mavic 3M;BWX260-5000-15.4
CAMERA;Mini 5 Pro;BWXNN5-4680-7.16
CAMERA;Mini 5 Pro;BWXNN5-2788-7.0
CAMERA;Mini 4 Pro;BWX140-2590-7.32
CAMERA;Mini 4 Pro;BWX162-3850-7.38
AGRAS;T70P;DB2160-41000
AGRAS;T70P;DB1580-30000
AGRAS;T55;DB1050-20000
AGRAS;T55;DB1580-30000
AGRAS;T25P;DB800
AGRAS;T50;DB1560
ENTERPRISE;Matrice 400;TB100
ENTERPRISE;Matrice 400;TB100C
CAMERA;Neo 2;BWXEN2-1606-7.16
CAMERA;Mavic 4 Pro;BWX341-6654-14.3
AGRAS;T55;DB1050
ENTERPRISE;FlyCart 30;DB800
ENTERPRISE;FlyCart 100;DB2160
CAMERA;Lito 1;BWXGN1-2590-7.32
CAMERA;Lito X1;BWXGP1-2788-7.0
CAMERA;Lito X1;BWXGP1-4680-7.16
