Drone,Availability,Takeoff Weight (g),Flight Time (min),Max. Flight Speed (m/s),Max. Flight Radius (km),Max. Flight Altitude (m),Max Takeoff Altitude (m),Max. Wind Resistance (m/s)
Mini 4 Pro,Discontinued,249,34,16,18,120,4000,11
Mini 5 Pro,Coming Soon,249,36,19,21,120,6000,12
Air 3S,Coming Soon,720,45,21,32,120,6000,12
Flip,Coming Soon,233,31,12,14,120,3000,11
Lito 1,Coming Soon,183,52,18,32,120,4500,11
Lito X1,Coming Soon,183,52,18,32,120,4500,11
Mavic 4 Pro,Coming Soon,1063,51,25,41,120,6000,12
Neo 2,Coming Soon,160,19,12,7,120,2000,11
Avata 360,Coming Soon,455,23,18,13,120,4500,11
