Line,Model,Status,LiDAR,Spotlight VIS,Spotligh VIS Range,Spotlight IR,Loudspeaker,Loudspeaker Range,RGB Camera,Zoom Camera Sensor,Wide-Angle Camera,Thermal Camera,Laser Rangefinder,Night Vision Wide Camera,Night Vision Zoom Camera,Drone
Zenmuse,L3,Coming Soon,TRUE,,,,,,4/3 CMOS,,,,,,,M400
Zenmuse,S1,Coming Soon,,30 lux @ 100 m,500m,,,,,,,,,,,M400
Zenmuse,V1,Coming Soon,,,,,129 dB @ 1 m,700m,,,,,,,,M400
Zenmuse,H30,Coming Soon,,,,TRUE,,,,"1/1.8"" CMOS, 40MP","1/1.3"" CMOS, 48MP",FALSE,3000m,,,M400
Zenmuse,H30T,Coming Soon,,,,TRUE,,,,"1/1.8"" CMOS, 40MP","1/1.3"" CMOS, 48MP",1280×1024@30fps,3000m,,,M400
Zenmuse,L2,Coming Soon,TRUE,,,,,,"4/3 CMOS, 20MP",,,,,,,M400
Zenmuse,P1,Coming Soon,,,,,,,"Full Frame, 45MP",,,,,,,M400
Zenmuse,H20,Discontinued,,,,,,,,"1/1.7"" CMOS, 20MP","1/2.3"" CMOS, 12MP",,1200m,,,M350RTK
Zenmuse,H20T,Discontinued,,,,,,,,"1/1.7"" CMOS, 20MP","1/2.3"" CMOS, 12MP",640×512 px @ 30fps,1200m,,,M350RTK
Zenmuse,H20N,Discontinued,,,,,,,,,,Dual 640×512 px @ 30fps,1200m,"1/2.7"" CMOS, 2MP","1/1.8"" CMOS, 4MP",M350RTK
,,,,,,,,,,,,,,,,
,,,,,,,,,,,,,,,,
,,,,,,,,,,,,,,,,
,,,,,,,,,,,,,,,,
,,,,,,,,,,,,,,,,
,,,,,,,,,,,,,,,,
,,,,,,,,,,,,,,,,
,,,,,,,,,,,,,,,,
,,,,,,,,,,,,,,,,
,,,,,,,,,,,,,,,,
,,,,,,,,,,,,,,,,
,,,,,,,,,,,,,,,,
,,,,,,,,,,,,,,,,
,,,,,,,,,,,,,,,,
,,,,,,,,,,,,,,,,
,,,,,,,,,,,,,,,,
,,,,,,,,,,,,,,,,
,,,,,,,,,,,,,,,,
,,,,,,,,,,,,,,,,
,,,,,,,,,,,,,,,,
,,,,,,,,,,,,,,,,
,,,,,,,,,,,,,,,,
